{
	"info": {
		"_postman_id": "186b0c8c-6484-4041-8d3f-8116e4e99cf0",
		"name": "Crear access token",
		"schema": "https://schema.getpostman.com/json/collection/v2.1.0/collection.json",
		"_exporter_id": "29460625",
		"_collection_link": "https://red-satellite-829132.postman.co/workspace/Directorio-federado-seguridad~8c4a7815-58f5-41a5-8478-8ea76f343ba3/collection/29460625-186b0c8c-6484-4041-8d3f-8116e4e99cf0?action=share&source=collection_link&creator=29460625"
	},
	"item": [
		{
			"name": "https://directoriofederado.crt.transfiya.com.co/ach/tx/oauth2/token",
			"event": [
				{
					"listen": "test",
					"script": {
						"exec": [
							"// Captura la respuesta en formato JSON\r",
							"var jsonData = pm.response.json();\r",
							"\r",
							"// Guarda el access_token en una variable global\r",
							"pm.globals.set(\"access_token\", jsonData.access_token);\r",
							""
						],
						"type": "text/javascript",
						"packages": {}
					}
				}
			],
			"request": {
				"method": "POST",
				"header": [
					{
						"key": "Content-Type",
						"value": "application/x-www-form-urlencoded"
					}
				],
				"body": {
					"mode": "urlencoded",
					"urlencoded": [
						{
							"key": "client_id",
							"value": "{{client-id}}",
							"type": "text"
						},
						{
							"key": "client_secret",
							"value": "{{client-secret}}",
							"type": "text"
						},
						{
							"key": "scope",
							"value": "FEDERATE_DIRECTORY_KEY",
							"type": "text"
						},
						{
							"key": "grant_type",
							"value": "client_credentials",
							"type": "text"
						}
					]
				},
				"url": {
					"raw": "{{base-url}}/oauth2/token",
					"host": [
						"{{base-url}}"
					],
					"path": [
						"oauth2",
						"token"
					]
				},
				"description": "Generated from cURL: curl --location 'https://directoriofederado.crt.transfiya.com.co/ach/tx/oauth2/token' \\\r\n--header 'Content-Type: application/x-www-form-urlencoded' \\\r\n--data-urlencode 'client_id=ff2fc626be69b62f55c346c00305ecb4' \\\r\n--data-urlencode 'client_secret=b4f63694b8250e977713838ad1b46f32' \\\r\n--data-urlencode 'scope=FEDERATE_DIRECTORY_KEY' \\\r\n--data-urlencode 'grant_type=client_credentials'"
			},
			"response": []
		}
	]
}