{
	"id": "1869eee0-7c24-48d1-8450-ed8b7734f31e",
	"name": "New Environment",
	"values": [
		{
			"key": "id",
			"value": "",
			"type": "default",
			"enabled": true
		},
		{
			"key": "randomNumber",
			"value": "",
			"type": "default",
			"enabled": true
		},
		{
			"key": "accountNumber",
			"value": "",
			"type": "default",
			"enabled": true
		},
		{
			"key": "signer",
			"value": "",
			"type": "default",
			"enabled": true
		},
		{
			"key": "accountType",
			"value": "",
			"type": "default",
			"enabled": true
		},
		{
			"key": "randomStatus",
			"value": "",
			"type": "any",
			"enabled": true
		},
		{
			"key": "codenum",
			"value": "",
			"type": "any",
			"enabled": true
		},
		{
			"key": "randomAccountType",
			"value": "",
			"type": "any",
			"enabled": true
		},
		{
			"key": "randomvaluekey",
			"value": "",
			"type": "any",
			"enabled": true
		}
	],
	"_postman_variable_scope": "environment",
	"_postman_exported_at": "2024-09-06T20:27:20.892Z",
	"_postman_exported_using": "Postman/11.10.0"
}