{
	"id": "1b758faa-5ed9-4ebc-88a3-0eb0d97e9e88",
	"values": [
		{
			"key": "client-id",
			"value": "ff2fc626be69b62f55c346c00305ecb4",
			"type": "any"
		},
		{
			"key": "client-secret",
			"value": "b4f63694b8250e977713838ad1b46f32",
			"type": "any"
		},
		{
			"key": "message-uuid",
			"value": "c4e6bd04-5149-11e7-b114-a2f933d5fe66",
			"type": "any"
		},
		{
			"key": "request-app-id",
			"value": "acxff62e-6f12-42de-9012-1e7304418abd",
			"type": "any"
		},
		{
			"key": "customer-request-dt",
			"value": "2024-08-05T10:24:53.600Z",
			"type": "any"
		},
		{
			"key": "entity-request-dt",
			"value": "2024-08-05T10:24:53.600Z",
			"type": "any"
		},
		{
			"key": "transaction-reference",
			"value": "2024-08-05T10:24:53.600Z",
			"type": "any"
		},
		{
			"key": "base-url",
			"value": "https://directoriofederado.crt.transfiya.com.co/ach/tx",
			"type": "any"
		},
		{
			"key": "entidad",
			"value": "dd2896e7-b0d2-4560-a3ec-99d18536b551",
			"type": "any"
		},
		{
			"key": "access_token",
			"value": "",
			"type": "any"
		}
	],
	"name": "Globals",
	"_postman_variable_scope": "globals",
	"_postman_exported_at": "2024-09-06T21:05:13.899Z",
	"_postman_exported_using": "Postman/11.10.0"
}