{
	"info": {
		"_postman_id": "6360b097-1673-4d23-a57b-e76e30a42b48",
		"name": "Patch codigo 400-1018",
		"schema": "https://schema.getpostman.com/json/collection/v2.1.0/collection.json",
		"_exporter_id": "29460625",
		"_collection_link": "https://red-satellite-829132.postman.co/workspace/Directorio-federado-seguridad~8c4a7815-58f5-41a5-8478-8ea76f343ba3/collection/29460625-6360b097-1673-4d23-a57b-e76e30a42b48?action=share&source=collection_link&creator=29460625"
	},
	"item": [
		{
			"name": "Actualizar Llave Codigos 400-1018",
			"event": [
				{
					"listen": "prerequest",
					"script": {
						"exec": [
							""
						],
						"type": "text/javascript",
						"packages": {}
					}
				},
				{
					"listen": "test",
					"script": {
						"exec": [
							"\r",
							"pm.test(\"Status code is 400\", function () {\r",
							"    pm.response.to.have.status(400);\r",
							"});\r",
							"// captura la variable code es igual a 1018\r",
							"const responseJson = pm.response.json();\r",
							"const code = responseJson.errors[0].code;\r",
							"const codenum = Number(code);\r",
							"pm.environment.set(\"codenum\", codenum);\r",
							"\r",
							"pm.test(\"La variable de entorno 'code' es 1018\", function () {\r",
							"  pm.expect(codenum).to.equal(1018); // Verifica si la variable es igual a 400\r",
							"});\r",
							"// Imprimir el comentario en la consola de Newman\r",
							"console.log(\"Comentario del caso de prueba: \", pm.iterationData.get(\"comentario\"));\r",
							""
						],
						"type": "text/javascript",
						"packages": {}
					}
				}
			],
			"request": {
				"auth": {
					"type": "bearer",
					"bearer": [
						{
							"key": "token",
							"value": "{{access_token}}",
							"type": "string"
						}
					]
				},
				"method": "PATCH",
				"header": [
					{
						"key": "message-uuid",
						"value": "{{message-uuid}}",
						"type": "text"
					},
					{
						"key": "request-app-id",
						"value": "{{request-app-id}}",
						"type": "text"
					},
					{
						"key": "customer-request-dt",
						"value": "{{customer-request-dt}}",
						"type": "text"
					},
					{
						"key": "entity-request-dt",
						"value": "{{entity-request-dt}}",
						"type": "text"
					},
					{
						"key": "transaction-reference",
						"value": "{{transaction-reference}}",
						"type": "text"
					}
				],
				"body": {
					"mode": "raw",
					"raw": "{\r\n  \"status\": {{status}},\r\n  \"spbvi\": {{spbvi}},\r\n  \"account\": {\r\n    \"accountType\": {{accountType}},\r\n            \"accountNumber\":{{accountNumber}},\r\n            \"signer\": {{signer}}\r\n  }\r\n}",
					"options": {
						"raw": {
							"language": "json"
						}
					}
				},
				"url": {
					"raw": "{{base-url}}/fd/entities/{{entidad}}/keys/{{id}}",
					"host": [
						"{{base-url}}"
					],
					"path": [
						"fd",
						"entities",
						"{{entidad}}",
						"keys",
						"{{id}}"
					]
				}
			},
			"response": []
		}
	]
}