{
	"info": {
		"_postman_id": "0c8f9424-8c28-44c3-9ac6-1224b6ba0272",
		"name": "Patch codigo Sin enviar campos",
		"schema": "https://schema.getpostman.com/json/collection/v2.1.0/collection.json",
		"_exporter_id": "29460625",
		"_collection_link": "https://red-satellite-829132.postman.co/workspace/Directorio-federado-seguridad~8c4a7815-58f5-41a5-8478-8ea76f343ba3/collection/29460625-0c8f9424-8c28-44c3-9ac6-1224b6ba0272?action=share&source=collection_link&creator=29460625"
	},
	"item": [
		{
			"name": "Actualizar Llave al no enviar spbvi",
			"event": [
				{
					"listen": "prerequest",
					"script": {
						"exec": [
							""
						],
						"type": "text/javascript",
						"packages": {}
					}
				},
				{
					"listen": "test",
					"script": {
						"exec": [
							"\r",
							"pm.test(\"Status code is 400\", function () {\r",
							"    pm.response.to.have.status(400);\r",
							"});\r",
							"\r",
							""
						],
						"type": "text/javascript",
						"packages": {}
					}
				}
			],
			"request": {
				"auth": {
					"type": "bearer",
					"bearer": [
						{
							"key": "token",
							"value": "{{access_token}}",
							"type": "string"
						}
					]
				},
				"method": "PATCH",
				"header": [
					{
						"key": "message-uuid",
						"value": "{{message-uuid}}",
						"type": "text"
					},
					{
						"key": "request-app-id",
						"value": "{{request-app-id}}",
						"type": "text"
					},
					{
						"key": "customer-request-dt",
						"value": "{{customer-request-dt}}",
						"type": "text"
					},
					{
						"key": "entity-request-dt",
						"value": "{{entity-request-dt}}",
						"type": "text"
					},
					{
						"key": "transaction-reference",
						"value": "{{transaction-reference}}",
						"type": "text"
					}
				],
				"body": {
					"mode": "raw",
					"raw": "{\r\n  \"status\": \"INACTIVE\",\r\n \r\n  \"account\": {\r\n    \"accountType\":\" {{accountType}}\",\r\n            \"accountNumber\":\"{{accountNumber}}\",\r\n            \"signer\": \"{{signer}}\"\r\n  }\r\n}",
					"options": {
						"raw": {
							"language": "json"
						}
					}
				},
				"url": {
					"raw": "{{base-url}}/fd/entities/{{entidad}}/keys/{{id}}",
					"host": [
						"{{base-url}}"
					],
					"path": [
						"fd",
						"entities",
						"{{entidad}}",
						"keys",
						"{{id}}"
					]
				}
			},
			"response": []
		},
		{
			"name": "Actualizar Llave al no enviar message-uuid",
			"event": [
				{
					"listen": "prerequest",
					"script": {
						"exec": [
							""
						],
						"type": "text/javascript",
						"packages": {}
					}
				},
				{
					"listen": "test",
					"script": {
						"exec": [
							"\r",
							"pm.test(\"Status code is 400\", function () {\r",
							"    pm.response.to.have.status(400);\r",
							"});\r",
							"\r",
							""
						],
						"type": "text/javascript",
						"packages": {}
					}
				}
			],
			"request": {
				"auth": {
					"type": "bearer",
					"bearer": [
						{
							"key": "token",
							"value": "{{access_token}}",
							"type": "string"
						}
					]
				},
				"method": "PATCH",
				"header": [
					{
						"key": "message-uuid",
						"value": "{{message-uuid}}",
						"type": "text",
						"disabled": true
					},
					{
						"key": "request-app-id",
						"value": "{{request-app-id}}",
						"type": "text"
					},
					{
						"key": "customer-request-dt",
						"value": "{{customer-request-dt}}",
						"type": "text"
					},
					{
						"key": "entity-request-dt",
						"value": "{{entity-request-dt}}",
						"type": "text"
					},
					{
						"key": "transaction-reference",
						"value": "{{transaction-reference}}",
						"type": "text"
					}
				],
				"body": {
					"mode": "raw",
					"raw": "{\r\n  \"status\": {{status}},\r\n   \"spbvi\": \"TFY\",\r\n  \"account\": {\r\n    \"accountType\": {{accountType}},\r\n            \"accountNumber\":{{accountNumber}},\r\n            \"signer\": {{signer}}\r\n  }\r\n}",
					"options": {
						"raw": {
							"language": "json"
						}
					}
				},
				"url": {
					"raw": "{{base-url}}/fd/entities/{{entidad}}/keys/{{Keyid}}",
					"host": [
						"{{base-url}}"
					],
					"path": [
						"fd",
						"entities",
						"{{entidad}}",
						"keys",
						"{{Keyid}}"
					]
				}
			},
			"response": []
		},
		{
			"name": "Actualizar Llave al no enviar request-app-id",
			"event": [
				{
					"listen": "prerequest",
					"script": {
						"exec": [
							""
						],
						"type": "text/javascript",
						"packages": {}
					}
				},
				{
					"listen": "test",
					"script": {
						"exec": [
							"\r",
							"pm.test(\"Status code is 400\", function () {\r",
							"    pm.response.to.have.status(400);\r",
							"});\r",
							"\r",
							""
						],
						"type": "text/javascript",
						"packages": {}
					}
				}
			],
			"request": {
				"auth": {
					"type": "bearer",
					"bearer": [
						{
							"key": "token",
							"value": "{{access_token}}",
							"type": "string"
						}
					]
				},
				"method": "PATCH",
				"header": [
					{
						"key": "message-uuid",
						"value": "{{message-uuid}}",
						"type": "text"
					},
					{
						"key": "request-app-id",
						"value": "{{request-app-id}}",
						"type": "text",
						"disabled": true
					},
					{
						"key": "customer-request-dt",
						"value": "{{customer-request-dt}}",
						"type": "text"
					},
					{
						"key": "entity-request-dt",
						"value": "{{entity-request-dt}}",
						"type": "text"
					},
					{
						"key": "transaction-reference",
						"value": "{{transaction-reference}}",
						"type": "text"
					}
				],
				"body": {
					"mode": "raw",
					"raw": "{\r\n  \"status\": {{status}},\r\n   \"spbvi\": \"TFY\",\r\n  \"account\": {\r\n    \"accountType\": {{accountType}},\r\n            \"accountNumber\":{{accountNumber}},\r\n            \"signer\": {{signer}}\r\n  }\r\n}",
					"options": {
						"raw": {
							"language": "json"
						}
					}
				},
				"url": {
					"raw": "{{base-url}}/fd/entities/{{entidad}}/keys/{{id}}",
					"host": [
						"{{base-url}}"
					],
					"path": [
						"fd",
						"entities",
						"{{entidad}}",
						"keys",
						"{{id}}"
					]
				}
			},
			"response": []
		},
		{
			"name": "Actualizar Llave al no enviar customer-request-dt",
			"event": [
				{
					"listen": "prerequest",
					"script": {
						"exec": [
							""
						],
						"type": "text/javascript",
						"packages": {}
					}
				},
				{
					"listen": "test",
					"script": {
						"exec": [
							"\r",
							"pm.test(\"Status code is 400\", function () {\r",
							"    pm.response.to.have.status(400);\r",
							"});\r",
							"\r",
							""
						],
						"type": "text/javascript",
						"packages": {}
					}
				}
			],
			"request": {
				"auth": {
					"type": "bearer",
					"bearer": [
						{
							"key": "token",
							"value": "{{access_token}}",
							"type": "string"
						}
					]
				},
				"method": "PATCH",
				"header": [
					{
						"key": "message-uuid",
						"value": "{{message-uuid}}",
						"type": "text"
					},
					{
						"key": "request-app-id",
						"value": "{{request-app-id}}",
						"type": "text"
					},
					{
						"key": "customer-request-dt",
						"value": "{{customer-request-dt}}",
						"type": "text",
						"disabled": true
					},
					{
						"key": "entity-request-dt",
						"value": "{{entity-request-dt}}",
						"type": "text"
					},
					{
						"key": "transaction-reference",
						"value": "{{transaction-reference}}",
						"type": "text"
					}
				],
				"body": {
					"mode": "raw",
					"raw": "{\r\n  \"status\": \"INACTIVE\",\r\n   \"spbvi\": \"TFY\",\r\n  \"account\": {\r\n    \"accountType\": {{accountType}},\r\n            \"accountNumber\":{{accountNumber}},\r\n            \"signer\": {{signer}}\r\n  }\r\n}",
					"options": {
						"raw": {
							"language": "json"
						}
					}
				},
				"url": {
					"raw": "{{base-url}}/fd/entities/{{entidad}}/keys/{{id}}",
					"host": [
						"{{base-url}}"
					],
					"path": [
						"fd",
						"entities",
						"{{entidad}}",
						"keys",
						"{{id}}"
					]
				}
			},
			"response": []
		},
		{
			"name": "Actualizar Llave al no enviar entity-request-dt",
			"event": [
				{
					"listen": "prerequest",
					"script": {
						"exec": [
							""
						],
						"type": "text/javascript",
						"packages": {}
					}
				},
				{
					"listen": "test",
					"script": {
						"exec": [
							"\r",
							"pm.test(\"Status code is 400\", function () {\r",
							"    pm.response.to.have.status(400);\r",
							"});\r",
							"\r",
							""
						],
						"type": "text/javascript",
						"packages": {}
					}
				}
			],
			"request": {
				"auth": {
					"type": "bearer",
					"bearer": [
						{
							"key": "token",
							"value": "{{access_token}}",
							"type": "string"
						}
					]
				},
				"method": "PATCH",
				"header": [
					{
						"key": "message-uuid",
						"value": "{{message-uuid}}",
						"type": "text"
					},
					{
						"key": "request-app-id",
						"value": "{{request-app-id}}",
						"type": "text"
					},
					{
						"key": "customer-request-dt",
						"value": "{{customer-request-dt}}",
						"type": "text"
					},
					{
						"key": "entity-request-dt",
						"value": "{{entity-request-dt}}",
						"type": "text",
						"disabled": true
					},
					{
						"key": "transaction-reference",
						"value": "{{transaction-reference}}",
						"type": "text"
					}
				],
				"body": {
					"mode": "raw",
					"raw": "{\r\n  \"status\": \"INACTIVE\",\r\n   \"spbvi\": \"TFY\",\r\n  \"account\": {\r\n    \"accountType\": {{accountType}},\r\n            \"accountNumber\":{{accountNumber}},\r\n            \"signer\": {{signer}}\r\n  }\r\n}",
					"options": {
						"raw": {
							"language": "json"
						}
					}
				},
				"url": {
					"raw": "{{base-url}}/fd/entities/{{entidad}}/keys/{{id}}",
					"host": [
						"{{base-url}}"
					],
					"path": [
						"fd",
						"entities",
						"{{entidad}}",
						"keys",
						"{{id}}"
					]
				}
			},
			"response": []
		},
		{
			"name": "Actualizar Llave al no enviar signer",
			"event": [
				{
					"listen": "test",
					"script": {
						"exec": [
							"pm.test(\"Status code is 400\", function () {\r",
							"    pm.response.to.have.status(400);\r",
							"});\r",
							"\r",
							"const responseJson = pm.response.json();\r",
							"const code = responseJson.errors[0].code;\r",
							"const codenum = Number(code);\r",
							"pm.environment.set(\"codenum\", codenum);\r",
							"\r",
							"pm.test(\"La variable de entorno 'code' es 1018\", function () {\r",
							"  pm.expect(codenum).to.equal(1018); // Verifica si la variable es igual a 400\r",
							"});"
						],
						"type": "text/javascript",
						"packages": {}
					}
				},
				{
					"listen": "prerequest",
					"script": {
						"exec": [
							"// Genera un valor aleatorio entre 0 y 1\r",
							"let randomValue = Math.random();\r",
							"\r",
							"// Determina el estado basado en el valor aleatorio\r",
							"let status = randomValue < 0.5 ? \"LOCK\" : \"ACTIVE\";\r",
							"\r",
							"// Guarda el estado en una variable de entorno o de colección\r",
							"pm.environment.set(\"randomStatus\", status);\r",
							"\r",
							"// Definimos los valores posibles para accountType\r",
							"const accountTypes = [\"SAVING_ACCOUNT\", \"CURRENT_ACCOUNT\", \"LOW_DEPOSIT\", \"ORDINARY_DEPOSIT\", \"INCLUSIVE_LOW_AMOUNT\"];\r",
							"\r",
							"// Seleccionamos un valor aleatorio del arreglo\r",
							"const randomIndex = Math.floor(Math.random() * accountTypes.length);\r",
							"const randomAccountType = accountTypes[randomIndex];\r",
							"\r",
							"// Asignamos el valor aleatorio a la variable 'accountType'\r",
							"pm.variables.set(\"accountType\", randomAccountType);\r",
							""
						],
						"type": "text/javascript",
						"packages": {}
					}
				}
			],
			"request": {
				"auth": {
					"type": "bearer",
					"bearer": [
						{
							"key": "token",
							"value": "{{access_token}}",
							"type": "string"
						}
					]
				},
				"method": "PATCH",
				"header": [
					{
						"key": "message-uuid",
						"value": "{{message-uuid}}",
						"type": "text"
					},
					{
						"key": "request-app-id",
						"value": "{{request-app-id}}",
						"type": "text"
					},
					{
						"key": "customer-request-dt",
						"value": "{{customer-request-dt}}",
						"type": "text"
					},
					{
						"key": "entity-request-dt",
						"value": "{{entity-request-dt}}",
						"type": "text"
					},
					{
						"key": "transaction-reference",
						"value": "{{transaction-reference}}",
						"type": "text"
					}
				],
				"body": {
					"mode": "raw",
					"raw": "{\r\n  \"status\": \"{{randomStatus}}\",\r\n   \"spbvi\": \"TFY\",\r\n  \"account\": {\r\n    \"accountType\": \"{{accountType}}\",\r\n            \"accountNumber\": \"{{accountNumber}}\"\r\n            \r\n  }\r\n}",
					"options": {
						"raw": {
							"language": "json"
						}
					}
				},
				"url": {
					"raw": "{{base-url}}/fd/entities/{{entidad}}/keys/{{id}}",
					"host": [
						"{{base-url}}"
					],
					"path": [
						"fd",
						"entities",
						"{{entidad}}",
						"keys",
						"{{id}}"
					]
				}
			},
			"response": []
		},
		{
			"name": "Actualizar Llave Validar campo entityId al no enviarlo",
			"event": [
				{
					"listen": "test",
					"script": {
						"exec": [
							"pm.test(\"Status code is 404\", function () {\r",
							"    pm.response.to.have.status(404);\r",
							"});\r",
							""
						],
						"type": "text/javascript",
						"packages": {}
					}
				},
				{
					"listen": "prerequest",
					"script": {
						"exec": [
							"// Genera un valor aleatorio entre 0 y 1\r",
							"let randomValue = Math.random();\r",
							"\r",
							"// Determina el estado basado en el valor aleatorio\r",
							"let status = randomValue < 0.5 ? \"LOCK\" : \"ACTIVE\";\r",
							"\r",
							"// Guarda el estado en una variable de entorno o de colección\r",
							"pm.environment.set(\"randomStatus\", status);"
						],
						"type": "text/javascript",
						"packages": {}
					}
				}
			],
			"request": {
				"auth": {
					"type": "bearer",
					"bearer": [
						{
							"key": "token",
							"value": "{{access_token}}",
							"type": "string"
						}
					]
				},
				"method": "PATCH",
				"header": [
					{
						"key": "message-uuid",
						"value": "{{message-uuid}}",
						"type": "text"
					},
					{
						"key": "request-app-id",
						"value": "{{request-app-id}}",
						"type": "text"
					},
					{
						"key": "customer-request-dt",
						"value": "{{customer-request-dt}}",
						"type": "text"
					},
					{
						"key": "entity-request-dt",
						"value": "{{entity-request-dt}}",
						"type": "text"
					},
					{
						"key": "transaction-reference",
						"value": "{{transaction-reference}}",
						"type": "text"
					}
				],
				"body": {
					"mode": "raw",
					"raw": "{\r\n  \"status\": \"{{randomStatus}}\",\r\n   \"spbvi\": \"TFY\",\r\n  \"account\": {\r\n    \"accountType\": \"{{accountType}}\",\r\n            \"accountNumber\": \"{{accountNumber}}\",\r\n            \"signer\": \"{{signer}}\"\r\n  }\r\n}",
					"options": {
						"raw": {
							"language": "json"
						}
					}
				},
				"url": {
					"raw": "{{base-url}}/fd/entities//keys/{{id}}",
					"host": [
						"{{base-url}}"
					],
					"path": [
						"fd",
						"entities",
						"",
						"keys",
						"{{id}}"
					]
				}
			},
			"response": []
		},
		{
			"name": "Actualizar Llave Validar campo entityId al enviarlo vacio",
			"event": [
				{
					"listen": "prerequest",
					"script": {
						"exec": [
							"// Genera un valor aleatorio entre 0 y 1\r",
							"let randomValue = Math.random();\r",
							"\r",
							"// Determina el estado basado en el valor aleatorio\r",
							"let status = randomValue < 0.5 ? \"LOCK\" : \"ACTIVE\";\r",
							"\r",
							"// Guarda el estado en una variable de entorno o de colección\r",
							"pm.environment.set(\"randomStatus\", status);\r",
							"\r",
							"// Definimos los valores posibles para accountType\r",
							"const accountTypes = [\"SAVING_ACCOUNT\", \"CURRENT_ACCOUNT\", \"LOW_DEPOSIT\", \"ORDINARY_DEPOSIT\", \"INCLUSIVE_LOW_AMOUNT\"];\r",
							"\r",
							"// Seleccionamos un valor aleatorio del arreglo\r",
							"const randomIndex = Math.floor(Math.random() * accountTypes.length);\r",
							"const randomAccountType = accountTypes[randomIndex];\r",
							"\r",
							"// Asignamos el valor aleatorio a la variable 'accountType'\r",
							"pm.variables.set(\"accountType\", randomAccountType);\r",
							""
						],
						"type": "text/javascript",
						"packages": {}
					}
				},
				{
					"listen": "test",
					"script": {
						"exec": [
							"pm.test(\"Status code is 404\", function () {\r",
							"    pm.response.to.have.status(404);\r",
							"});"
						],
						"type": "text/javascript",
						"packages": {}
					}
				}
			],
			"request": {
				"auth": {
					"type": "bearer",
					"bearer": [
						{
							"key": "token",
							"value": "{{access_token}}",
							"type": "string"
						}
					]
				},
				"method": "PATCH",
				"header": [
					{
						"key": "message-uuid",
						"value": "{{message-uuid}}",
						"type": "text"
					},
					{
						"key": "request-app-id",
						"value": "{{request-app-id}}",
						"type": "text"
					},
					{
						"key": "customer-request-dt",
						"value": "{{customer-request-dt}}",
						"type": "text"
					},
					{
						"key": "entity-request-dt",
						"value": "{{entity-request-dt}}",
						"type": "text"
					},
					{
						"key": "transaction-reference",
						"value": "{{transaction-reference}}",
						"type": "text"
					}
				],
				"body": {
					"mode": "raw",
					"raw": "{\r\n  \"status\": \"{{randomStatus}}\",\r\n   \"spbvi\": \"TFY\",\r\n  \"account\": {\r\n    \"accountType\": \"{{accountType}}\",\r\n            \"accountNumber\": \"{{accountNumber}}\",\r\n            \"signer\": \"{{signer}}\"\r\n  }\r\n}",
					"options": {
						"raw": {
							"language": "json"
						}
					}
				},
				"url": {
					"raw": "{{base-url}}/fd/entities//keys/{{id}}",
					"host": [
						"{{base-url}}"
					],
					"path": [
						"fd",
						"entities",
						"",
						"keys",
						"{{id}}"
					]
				}
			},
			"response": []
		},
		{
			"name": "Actualizar Llave entityId -Validar campo entityId al enviarlo null",
			"event": [
				{
					"listen": "prerequest",
					"script": {
						"exec": [
							"// Genera un valor aleatorio entre 0 y 1\r",
							"let randomValue = Math.random();\r",
							"\r",
							"// Determina el estado basado en el valor aleatorio\r",
							"let status = randomValue < 0.5 ? \"LOCK\" : \"ACTIVE\";\r",
							"\r",
							"// Guarda el estado en una variable de entorno o de colección\r",
							"pm.environment.set(\"randomStatus\", status);\r",
							"\r",
							"// Definimos los valores posibles para accountType\r",
							"const accountTypes = [\"SAVING_ACCOUNT\", \"CURRENT_ACCOUNT\", \"LOW_DEPOSIT\", \"ORDINARY_DEPOSIT\", \"INCLUSIVE_LOW_AMOUNT\"];\r",
							"\r",
							"// Seleccionamos un valor aleatorio del arreglo\r",
							"const randomIndex = Math.floor(Math.random() * accountTypes.length);\r",
							"const randomAccountType = accountTypes[randomIndex];\r",
							"\r",
							"// Asignamos el valor aleatorio a la variable 'accountType'\r",
							"pm.variables.set(\"accountType\", randomAccountType);"
						],
						"type": "text/javascript",
						"packages": {}
					}
				},
				{
					"listen": "test",
					"script": {
						"exec": [
							"pm.test(\"Status code is 400\", function () {\r",
							"    pm.response.to.have.status(400);\r",
							"});\r",
							"// Verifica si la variable es igual a 1013\r",
							"const responseJson = pm.response.json();\r",
							"const code = responseJson.errors[0].code;\r",
							"const codenum = Number(code);\r",
							"pm.environment.set(\"codenum\", codenum);\r",
							"\r",
							"pm.test(\"La variable de entorno 'code' es 1031\", function () {\r",
							"  pm.expect(codenum).to.equal(1031); \r",
							"});\r",
							"\r",
							""
						],
						"type": "text/javascript",
						"packages": {}
					}
				}
			],
			"request": {
				"auth": {
					"type": "bearer",
					"bearer": [
						{
							"key": "token",
							"value": "{{access_token}}",
							"type": "string"
						}
					]
				},
				"method": "PATCH",
				"header": [
					{
						"key": "message-uuid",
						"value": "{{message-uuid}}",
						"type": "text"
					},
					{
						"key": "request-app-id",
						"value": "{{request-app-id}}",
						"type": "text"
					},
					{
						"key": "customer-request-dt",
						"value": "{{customer-request-dt}}",
						"type": "text"
					},
					{
						"key": "entity-request-dt",
						"value": "{{entity-request-dt}}",
						"type": "text"
					},
					{
						"key": "transaction-reference",
						"value": "{{transaction-reference}}",
						"type": "text"
					}
				],
				"body": {
					"mode": "raw",
					"raw": "{\r\n  \"status\": \"{{randomStatus}}\",\r\n   \"spbvi\": \"TFY\",\r\n  \"account\": {\r\n    \"accountType\": \"SAVING_ACCOUNT\",\r\n            \"accountNumber\": \"{{accountNumber}}\",\r\n            \"signer\": \"{{signer}}\"\r\n  }\r\n}",
					"options": {
						"raw": {
							"language": "json"
						}
					}
				},
				"url": {
					"raw": "{{base-url}}/fd/entities/null/keys/{{id}}",
					"host": [
						"{{base-url}}"
					],
					"path": [
						"fd",
						"entities",
						"null",
						"keys",
						"{{id}}"
					]
				}
			},
			"response": []
		},
		{
			"name": "Actualizar Llave entityId - Validar campo entityId al enviar un valor no existente",
			"event": [
				{
					"listen": "prerequest",
					"script": {
						"exec": [
							"// Genera un valor aleatorio entre 0 y 1\r",
							"let randomValue = Math.random();\r",
							"\r",
							"// Determina el estado basado en el valor aleatorio\r",
							"let status = randomValue < 0.5 ? \"LOCK\" : \"ACTIVE\";\r",
							"\r",
							"// Guarda el estado en una variable de entorno o de colección\r",
							"pm.environment.set(\"randomStatus\", status);"
						],
						"type": "text/javascript",
						"packages": {}
					}
				},
				{
					"listen": "test",
					"script": {
						"exec": [
							"pm.test(\"Status code is 400\", function () {\r",
							"    pm.response.to.have.status(400);\r",
							"});\r",
							"// captura la variable code es igual a 1013\r",
							"const responseJson = pm.response.json();\r",
							"const code = responseJson.errors[0].code;\r",
							"const codenum = Number(code);\r",
							"pm.environment.set(\"codenum\", codenum);\r",
							"\r",
							"pm.test(\"La variable de entorno 'code' es 1031\", function () {\r",
							"  pm.expect(codenum).to.equal(1031); \r",
							"});"
						],
						"type": "text/javascript",
						"packages": {}
					}
				}
			],
			"request": {
				"auth": {
					"type": "bearer",
					"bearer": [
						{
							"key": "token",
							"value": "{{access_token}}",
							"type": "string"
						}
					]
				},
				"method": "PATCH",
				"header": [
					{
						"key": "message-uuid",
						"value": "{{message-uuid}}",
						"type": "text"
					},
					{
						"key": "request-app-id",
						"value": "{{request-app-id}}",
						"type": "text"
					},
					{
						"key": "customer-request-dt",
						"value": "{{customer-request-dt}}",
						"type": "text"
					},
					{
						"key": "entity-request-dt",
						"value": "{{entity-request-dt}}",
						"type": "text"
					},
					{
						"key": "transaction-reference",
						"value": "{{transaction-reference}}",
						"type": "text"
					}
				],
				"body": {
					"mode": "raw",
					"raw": "{\r\n  \"status\": \"{{randomStatus}}\",\r\n   \"spbvi\": \"TFY\",\r\n  \"account\": {\r\n    \"accountType\": \"{{accountType}}\",\r\n            \"accountNumber\": \"{{accountNumber}}\",\r\n            \"signer\": \"{{signer}}\"\r\n  }\r\n}",
					"options": {
						"raw": {
							"language": "json"
						}
					}
				},
				"url": {
					"raw": "{{base-url}}/fd/entities/656/keys/{{id}}",
					"host": [
						"{{base-url}}"
					],
					"path": [
						"fd",
						"entities",
						"656",
						"keys",
						"{{id}}"
					]
				}
			},
			"response": []
		},
		{
			"name": "Actualizar Llave entityId - keyId -Validar campo keyId al no enviarlo",
			"event": [
				{
					"listen": "prerequest",
					"script": {
						"exec": [
							"// Genera un valor aleatorio entre 0 y 1\r",
							"let randomValue = Math.random();\r",
							"\r",
							"// Determina el estado basado en el valor aleatorio\r",
							"let status = randomValue < 0.5 ? \"LOCK\" : \"ACTIVE\";\r",
							"\r",
							"// Guarda el estado en una variable de entorno o de colección\r",
							"pm.environment.set(\"randomStatus\", status);\r",
							"\r",
							"// Guarda el estado en una variable de entorno o de colección\r",
							"pm.environment.set(\"randomStatus\", status);\r",
							"\r",
							"// Definimos los valores posibles para accountType\r",
							"const accountTypes = [\"SAVING_ACCOUNT\", \"CURRENT_ACCOUNT\", \"LOW_DEPOSIT\", \"ORDINARY_DEPOSIT\", \"INCLUSIVE_LOW_AMOUNT\"];\r",
							"\r",
							"// Seleccionamos un valor aleatorio del arreglo\r",
							"const randomIndex = Math.floor(Math.random() * accountTypes.length);\r",
							"const randomAccountType = accountTypes[randomIndex];\r",
							"\r",
							"// Asignamos el valor aleatorio a la variable 'accountType'\r",
							"pm.variables.set(\"accountType\", randomAccountType);"
						],
						"type": "text/javascript",
						"packages": {}
					}
				},
				{
					"listen": "test",
					"script": {
						"exec": [
							"pm.test(\"Status code is 404\", function () {\r",
							"    pm.response.to.have.status(404);\r",
							"});\r",
							""
						],
						"type": "text/javascript",
						"packages": {}
					}
				}
			],
			"request": {
				"auth": {
					"type": "bearer",
					"bearer": [
						{
							"key": "token",
							"value": "{{access_token}}",
							"type": "string"
						}
					]
				},
				"method": "PATCH",
				"header": [
					{
						"key": "message-uuid",
						"value": "{{message-uuid}}",
						"type": "text"
					},
					{
						"key": "request-app-id",
						"value": "{{request-app-id}}",
						"type": "text"
					},
					{
						"key": "customer-request-dt",
						"value": "{{customer-request-dt}}",
						"type": "text"
					},
					{
						"key": "entity-request-dt",
						"value": "{{entity-request-dt}}",
						"type": "text"
					},
					{
						"key": "transaction-reference",
						"value": "{{transaction-reference}}",
						"type": "text"
					}
				],
				"body": {
					"mode": "raw",
					"raw": "{\r\n  \"status\": \"{{randomStatus}}\",\r\n   \"spbvi\": \"TFY\",\r\n  \"account\": {\r\n    \"accountType\": \"{{accountType}}\",\r\n            \"accountNumber\": \"{{accountNumber}}\",\r\n            \"signer\": \"{{signer}}\"\r\n  }\r\n}",
					"options": {
						"raw": {
							"language": "json"
						}
					}
				},
				"url": {
					"raw": "{{base-url}}/fd/entities/{{entidad}}/keys/",
					"host": [
						"{{base-url}}"
					],
					"path": [
						"fd",
						"entities",
						"{{entidad}}",
						"keys",
						""
					]
				}
			},
			"response": []
		},
		{
			"name": "Actualizar Llave entityId - keyId -Validar campo keyId al enviarlo vacio",
			"event": [
				{
					"listen": "prerequest",
					"script": {
						"exec": [
							"// Genera un valor aleatorio entre 0 y 1\r",
							"let randomValue = Math.random();\r",
							"\r",
							"// Determina el estado basado en el valor aleatorio\r",
							"let status = randomValue < 0.5 ? \"LOCK\" : \"ACTIVE\";\r",
							"\r",
							"// Guarda el estado en una variable de entorno o de colección\r",
							"pm.environment.set(\"randomStatus\", status);\r",
							"\r",
							"// Definimos los valores posibles para accountType\r",
							"const accountTypes = [\"SAVING_ACCOUNT\", \"CURRENT_ACCOUNT\", \"LOW_DEPOSIT\", \"ORDINARY_DEPOSIT\", \"INCLUSIVE_LOW_AMOUNT\"];\r",
							"\r",
							"// Seleccionamos un valor aleatorio del arreglo\r",
							"const randomIndex = Math.floor(Math.random() * accountTypes.length);\r",
							"const randomAccountType = accountTypes[randomIndex];\r",
							"\r",
							"// Asignamos el valor aleatorio a la variable 'accountType'\r",
							"pm.variables.set(\"accountType\", randomAccountType);"
						],
						"type": "text/javascript",
						"packages": {}
					}
				},
				{
					"listen": "test",
					"script": {
						"exec": [
							"pm.test(\"Status code is 404\", function () {\r",
							"    pm.response.to.have.status(404);\r",
							"});\r",
							""
						],
						"type": "text/javascript",
						"packages": {}
					}
				}
			],
			"request": {
				"auth": {
					"type": "bearer",
					"bearer": [
						{
							"key": "token",
							"value": "{{access_token}}",
							"type": "string"
						}
					]
				},
				"method": "PATCH",
				"header": [
					{
						"key": "message-uuid",
						"value": "{{message-uuid}}",
						"type": "text"
					},
					{
						"key": "request-app-id",
						"value": "{{request-app-id}}",
						"type": "text"
					},
					{
						"key": "customer-request-dt",
						"value": "{{customer-request-dt}}",
						"type": "text"
					},
					{
						"key": "entity-request-dt",
						"value": "{{entity-request-dt}}",
						"type": "text"
					},
					{
						"key": "transaction-reference",
						"value": "{{transaction-reference}}",
						"type": "text"
					}
				],
				"body": {
					"mode": "raw",
					"raw": "{\r\n  \"status\": \"{{randomStatus}}\",\r\n   \"spbvi\": \"TFY\",\r\n  \"account\": {\r\n    \"accountType\": \"{{accountType}}\",\r\n            \"accountNumber\": \"{{accountNumber}}\",\r\n            \"signer\": \"{{signer}}\"\r\n  }\r\n}",
					"options": {
						"raw": {
							"language": "json"
						}
					}
				},
				"url": {
					"raw": "{{base-url}}/fd/entities/{{entidad}}/keys/",
					"host": [
						"{{base-url}}"
					],
					"path": [
						"fd",
						"entities",
						"{{entidad}}",
						"keys",
						""
					]
				}
			},
			"response": []
		},
		{
			"name": "Actualizar Llave entityId - keyId -Validar campo keyId al enviarlo null",
			"event": [
				{
					"listen": "prerequest",
					"script": {
						"exec": [
							"const randomNumber = _.random(10000000,99999999)\r",
							"pm.variables.set(\"randomNumber\", randomNumber )\r",
							"\r",
							"\r",
							"// Genera un valor aleatorio entre 0 y 1\r",
							"let randomValue = Math.random();\r",
							"\r",
							"// Determina el estado basado en el valor aleatorio\r",
							"let status = randomValue < 0.5 ? \"LOCK\" : \"ACTIVE\";\r",
							"\r",
							"// Guarda el estado en una variable de entorno o de colección\r",
							"pm.environment.set(\"randomStatus\", status);\r",
							"\r",
							"// Definimos los valores posibles para accountType\r",
							"const accountTypes = [\"SAVING_ACCOUNT\", \"CURRENT_ACCOUNT\", \"LOW_DEPOSIT\", \"ORDINARY_DEPOSIT\", \"INCLUSIVE_LOW_AMOUNT\"];\r",
							"\r",
							"// Seleccionamos un valor aleatorio del arreglo\r",
							"const randomIndex = Math.floor(Math.random() * accountTypes.length);\r",
							"const randomAccountType = accountTypes[randomIndex];\r",
							"\r",
							"// Asignamos el valor aleatorio a la variable 'accountType'\r",
							"pm.variables.set(\"accountType\", randomAccountType);\r",
							""
						],
						"type": "text/javascript",
						"packages": {}
					}
				},
				{
					"listen": "test",
					"script": {
						"exec": [
							"pm.test(\"Status code is 404\", function () {\r",
							"    pm.response.to.have.status(404);\r",
							"});\r",
							"// Verifica si la variable es igual a 1013\r",
							"const responseJson = pm.response.json();\r",
							"const code = responseJson.errors[0].code;\r",
							"const codenum = Number(code);\r",
							"pm.environment.set(\"codenum\", codenum);\r",
							"\r",
							"pm.test(\"La variable de entorno 'code' es 1013\", function () {\r",
							"  pm.expect(codenum).to.equal(1013); \r",
							"});\r",
							""
						],
						"type": "text/javascript",
						"packages": {}
					}
				}
			],
			"request": {
				"auth": {
					"type": "bearer",
					"bearer": [
						{
							"key": "token",
							"value": "{{access_token}}",
							"type": "string"
						}
					]
				},
				"method": "PATCH",
				"header": [
					{
						"key": "message-uuid",
						"value": "{{message-uuid}}",
						"type": "text"
					},
					{
						"key": "request-app-id",
						"value": "{{request-app-id}}",
						"type": "text"
					},
					{
						"key": "customer-request-dt",
						"value": "{{customer-request-dt}}",
						"type": "text"
					},
					{
						"key": "entity-request-dt",
						"value": "{{entity-request-dt}}",
						"type": "text"
					},
					{
						"key": "transaction-reference",
						"value": "{{transaction-reference}}",
						"type": "text"
					}
				],
				"body": {
					"mode": "raw",
					"raw": "{\r\n  \"status\": \"{{randomStatus}}\",\r\n   \"spbvi\": \"TFY\",\r\n  \"account\": {\r\n    \"accountType\": \"{{accountType}}\",\r\n            \"accountNumber\": \"{{accountNumber}}\",\r\n            \"signer\": \"{{signer}}\"\r\n  }\r\n}",
					"options": {
						"raw": {
							"language": "json"
						}
					}
				},
				"url": {
					"raw": "{{base-url}}/fd/entities/{{entidad}}/keys/null",
					"host": [
						"{{base-url}}"
					],
					"path": [
						"fd",
						"entities",
						"{{entidad}}",
						"keys",
						"null"
					]
				}
			},
			"response": []
		},
		{
			"name": "Actualizar Llave entityId - keyId -Validar keyId al enviar un valor no existente",
			"event": [
				{
					"listen": "prerequest",
					"script": {
						"exec": [
							"const randomNumber = _.random(10000000,99999999)\r",
							"pm.variables.set(\"randomNumber\", randomNumber )\r",
							"\r",
							"\r",
							"// Genera un valor aleatorio entre 0 y 1\r",
							"let randomValue = Math.random();\r",
							"\r",
							"// Determina el estado basado en el valor aleatorio\r",
							"let status = randomValue < 0.5 ? \"LOCK\" : \"ACTIVE\";\r",
							"\r",
							"// Guarda el estado en una variable de entorno o de colección\r",
							"pm.environment.set(\"randomStatus\", status);\r",
							"\r",
							"// Definimos los valores posibles para accountType\r",
							"const accountTypes = [\"SAVING_ACCOUNT\", \"CURRENT_ACCOUNT\", \"LOW_DEPOSIT\", \"ORDINARY_DEPOSIT\", \"INCLUSIVE_LOW_AMOUNT\"];\r",
							"\r",
							"// Seleccionamos un valor aleatorio del arreglo\r",
							"const randomIndex = Math.floor(Math.random() * accountTypes.length);\r",
							"const randomAccountType = accountTypes[randomIndex];\r",
							"\r",
							"// Asignamos el valor aleatorio a la variable 'accountType'\r",
							"pm.variables.set(\"accountType\", randomAccountType);\r",
							""
						],
						"type": "text/javascript",
						"packages": {}
					}
				},
				{
					"listen": "test",
					"script": {
						"exec": [
							"pm.test(\"Status code is 404\", function () {\r",
							"    pm.response.to.have.status(404);\r",
							"});\r",
							"// Verifica si la variable es igual a 1013\r",
							"const responseJson = pm.response.json();\r",
							"const code = responseJson.errors[0].code;\r",
							"const codenum = Number(code);\r",
							"pm.environment.set(\"codenum\", codenum);\r",
							"\r",
							"pm.test(\"La variable de entorno 'code' es 1013\", function () {\r",
							"  pm.expect(codenum).to.equal(1013); \r",
							"});\r",
							""
						],
						"type": "text/javascript",
						"packages": {}
					}
				}
			],
			"request": {
				"auth": {
					"type": "bearer",
					"bearer": [
						{
							"key": "token",
							"value": "{{access_token}}",
							"type": "string"
						}
					]
				},
				"method": "PATCH",
				"header": [
					{
						"key": "message-uuid",
						"value": "{{message-uuid}}",
						"type": "text"
					},
					{
						"key": "request-app-id",
						"value": "{{request-app-id}}",
						"type": "text"
					},
					{
						"key": "customer-request-dt",
						"value": "{{customer-request-dt}}",
						"type": "text"
					},
					{
						"key": "entity-request-dt",
						"value": "{{entity-request-dt}}",
						"type": "text"
					},
					{
						"key": "transaction-reference",
						"value": "{{transaction-reference}}",
						"type": "text"
					}
				],
				"body": {
					"mode": "raw",
					"raw": "{\r\n  \"status\": \"{{randomStatus}}\",\r\n   \"spbvi\": \"TFY\",\r\n  \"account\": {\r\n    \"accountType\": \"{{accountType}}\",\r\n            \"accountNumber\": \"{{accountNumber}}\",\r\n            \"signer\": \"{{signer}}\"\r\n  }\r\n}",
					"options": {
						"raw": {
							"language": "json"
						}
					}
				},
				"url": {
					"raw": "{{base-url}}/fd/entities/{{entidad}}/keys/3432432434534534",
					"host": [
						"{{base-url}}"
					],
					"path": [
						"fd",
						"entities",
						"{{entidad}}",
						"keys",
						"3432432434534534"
					]
				}
			},
			"response": []
		},
		{
			"name": "Actualizar Llave status-Validar campo status al no enviarlo",
			"event": [
				{
					"listen": "prerequest",
					"script": {
						"exec": [
							"// Genera un valor aleatorio entre 0 y 1\r",
							"let randomValue = Math.random();\r",
							"\r",
							"// Determina el estado basado en el valor aleatorio\r",
							"let status = randomValue < 0.5 ? \"LOCK\" : \"ACTIVE\";\r",
							"\r",
							"// Guarda el estado en una variable de entorno o de colección\r",
							"pm.environment.set(\"randomStatus\", status);\r",
							""
						],
						"type": "text/javascript",
						"packages": {}
					}
				},
				{
					"listen": "test",
					"script": {
						"exec": [
							"pm.test(\"Status code is 202\", function () {\r",
							"    pm.response.to.have.status(202);\r",
							"});"
						],
						"type": "text/javascript",
						"packages": {}
					}
				}
			],
			"request": {
				"auth": {
					"type": "bearer",
					"bearer": [
						{
							"key": "token",
							"value": "{{access_token}}",
							"type": "string"
						}
					]
				},
				"method": "PATCH",
				"header": [
					{
						"key": "message-uuid",
						"value": "{{message-uuid}}",
						"type": "text"
					},
					{
						"key": "request-app-id",
						"value": "{{request-app-id}}",
						"type": "text"
					},
					{
						"key": "customer-request-dt",
						"value": "{{customer-request-dt}}",
						"type": "text"
					},
					{
						"key": "entity-request-dt",
						"value": "{{entity-request-dt}}",
						"type": "text"
					},
					{
						"key": "transaction-reference",
						"value": "{{transaction-reference}}",
						"type": "text"
					}
				],
				"body": {
					"mode": "raw",
					"raw": "{\r\n   \"spbvi\": \"TFY\",\r\n  \"account\": {\r\n    \"accountType\": \"SAVING_ACCOUNT\",\r\n            \"accountNumber\": \"62158017\",\r\n            \"signer\": \"gVEIH5104a7opfG\"\r\n  }\r\n}",
					"options": {
						"raw": {
							"language": "json"
						}
					}
				},
				"url": {
					"raw": "{{base-url}}/fd/entities/{{entidad}}/keys/14feb780-1d2b-49d5-99a2-3209824c9a4c",
					"host": [
						"{{base-url}}"
					],
					"path": [
						"fd",
						"entities",
						"{{entidad}}",
						"keys",
						"14feb780-1d2b-49d5-99a2-3209824c9a4c"
					]
				}
			},
			"response": []
		},
		{
			"name": "Actualizar Llave status-Bloquear cuenta con un signer que no pertenezca",
			"event": [
				{
					"listen": "prerequest",
					"script": {
						"exec": [
							"// Genera un valor aleatorio entre 0 y 1\r",
							"let randomValue = Math.random();\r",
							"\r",
							"// Determina el estado basado en el valor aleatorio\r",
							"let status = randomValue < 0.5 ? \"LOCK\" : \"ACTIVE\";\r",
							"\r",
							"// Guarda el estado en una variable de entorno o de colección\r",
							"pm.environment.set(\"randomStatus\", status);"
						],
						"type": "text/javascript",
						"packages": {}
					}
				},
				{
					"listen": "test",
					"script": {
						"exec": [
							"pm.test(\"Status code is 409\", function () {\r",
							"    pm.response.to.have.status(409);\r",
							"});\r",
							"// Verifica si la variable es igual a 1013\r",
							"const responseJson = pm.response.json();\r",
							"const code = responseJson.errors[0].code;\r",
							"const codenum = Number(code);\r",
							"pm.environment.set(\"codenum\", codenum);\r",
							"\r",
							"pm.test(\"La variable de entorno 'code' es 1013\", function () {\r",
							"  pm.expect(codenum).to.equal(1013); \r",
							"});"
						],
						"type": "text/javascript",
						"packages": {}
					}
				}
			],
			"request": {
				"auth": {
					"type": "bearer",
					"bearer": [
						{
							"key": "token",
							"value": "{{access_token}}",
							"type": "string"
						}
					]
				},
				"method": "PATCH",
				"header": [
					{
						"key": "message-uuid",
						"value": "{{message-uuid}}",
						"type": "text"
					},
					{
						"key": "request-app-id",
						"value": "{{request-app-id}}",
						"type": "text"
					},
					{
						"key": "customer-request-dt",
						"value": "{{customer-request-dt}}",
						"type": "text"
					},
					{
						"key": "entity-request-dt",
						"value": "{{entity-request-dt}}",
						"type": "text"
					},
					{
						"key": "transaction-reference",
						"value": "{{transaction-reference}}",
						"type": "text"
					}
				],
				"body": {
					"mode": "raw",
					"raw": "{\r\n \"status\": \"ACTIVE\",\r\n  \"spbvi\": \"TFY\",\r\n  \"account\": {\r\n    \"accountType\": \"ORDINARY_DEPOSIT\",\r\n            \"accountNumber\": \"7550773932\",\r\n            \"signer\": \"323243232432\"\r\n  }\r\n}",
					"options": {
						"raw": {
							"language": "json"
						}
					}
				},
				"url": {
					"raw": "{{base-url}}/fd/entities/{{entidad}}/keys/14feb780-1d2b-49d5-99a2-3209824c9a4c",
					"host": [
						"{{base-url}}"
					],
					"path": [
						"fd",
						"entities",
						"{{entidad}}",
						"keys",
						"14feb780-1d2b-49d5-99a2-3209824c9a4c"
					]
				}
			},
			"response": []
		},
		{
			"name": "Actualizar Llave status-Bloquear cuenta que ya se encuentre bloqueada",
			"event": [
				{
					"listen": "prerequest",
					"script": {
						"exec": [
							"// Genera un valor aleatorio entre 0 y 1\r",
							"let randomValue = Math.random();\r",
							"\r",
							"// Determina el estado basado en el valor aleatorio\r",
							"let status = randomValue < 0.5 ? \"LOCK\" : \"ACTIVE\";\r",
							"\r",
							"// Guarda el estado en una variable de entorno o de colección\r",
							"pm.environment.set(\"randomStatus\", status);"
						],
						"type": "text/javascript",
						"packages": {}
					}
				},
				{
					"listen": "test",
					"script": {
						"exec": [
							"pm.test(\"Status code is 409\", function () {\r",
							"    pm.response.to.have.status(409);\r",
							"});\r",
							"// Verifica si la variable es igual a 1031\r",
							"const responseJson = pm.response.json();\r",
							"const code = responseJson.errors[0].code;\r",
							"const codenum = Number(code);\r",
							"pm.environment.set(\"codenum\", codenum);\r",
							"\r",
							"pm.test(\"La variable de entorno 'code' es 1013\", function () {\r",
							"  pm.expect(codenum).to.equal(1013); \r",
							"});"
						],
						"type": "text/javascript",
						"packages": {}
					}
				}
			],
			"request": {
				"auth": {
					"type": "bearer",
					"bearer": [
						{
							"key": "token",
							"value": "{{access_token}}",
							"type": "string"
						}
					]
				},
				"method": "PATCH",
				"header": [
					{
						"key": "message-uuid",
						"value": "{{message-uuid}}",
						"type": "text"
					},
					{
						"key": "request-app-id",
						"value": "{{request-app-id}}",
						"type": "text"
					},
					{
						"key": "customer-request-dt",
						"value": "{{customer-request-dt}}",
						"type": "text"
					},
					{
						"key": "entity-request-dt",
						"value": "{{entity-request-dt}}",
						"type": "text"
					},
					{
						"key": "transaction-reference",
						"value": "{{transaction-reference}}",
						"type": "text"
					}
				],
				"body": {
					"mode": "raw",
					"raw": "{\r\n \"status\": \"LOCK\",\r\n  \"spbvi\": \"TFY\",\r\n  \"account\": {\r\n    \"accountType\": \"SAVING_ACCOUNT\",\r\n            \"accountNumber\": \"{{accountNumber}}\",\r\n            \"signer\": \"{{signerRERE}}\"\r\n  }\r\n}",
					"options": {
						"raw": {
							"language": "json"
						}
					}
				},
				"url": {
					"raw": "{{base-url}}/fd/entities/{{entidad}}/keys/b45ebd50-d1b1-412e-ab54-b2d0f6e15ab0",
					"host": [
						"{{base-url}}"
					],
					"path": [
						"fd",
						"entities",
						"{{entidad}}",
						"keys",
						"b45ebd50-d1b1-412e-ab54-b2d0f6e15ab0"
					]
				}
			},
			"response": []
		},
		{
			"name": "Actualizar Llave status- Validar cambio del formato Json a Txt",
			"event": [
				{
					"listen": "prerequest",
					"script": {
						"exec": [
							"// Genera un valor aleatorio entre 0 y 1\r",
							"let randomValue = Math.random();\r",
							"\r",
							"// Determina el estado basado en el valor aleatorio\r",
							"let status = randomValue < 0.5 ? \"LOCK\" : \"ACTIVE\";\r",
							"\r",
							"// Guarda el estado en una variable de entorno o de colección\r",
							"pm.environment.set(\"randomStatus\", status);"
						],
						"type": "text/javascript",
						"packages": {}
					}
				},
				{
					"listen": "test",
					"script": {
						"exec": [
							"pm.test(\"Status code is 415\", function () {\r",
							"    pm.response.to.have.status(415);\r",
							"});\r",
							""
						],
						"type": "text/javascript",
						"packages": {}
					}
				}
			],
			"request": {
				"auth": {
					"type": "bearer",
					"bearer": [
						{
							"key": "token",
							"value": "{{access_token}}",
							"type": "string"
						}
					]
				},
				"method": "PATCH",
				"header": [
					{
						"key": "message-uuid",
						"value": "{{message-uuid}}",
						"type": "text"
					},
					{
						"key": "request-app-id",
						"value": "{{request-app-id}}",
						"type": "text"
					},
					{
						"key": "customer-request-dt",
						"value": "{{customer-request-dt}}",
						"type": "text"
					},
					{
						"key": "entity-request-dt",
						"value": "{{entity-request-dt}}",
						"type": "text"
					},
					{
						"key": "transaction-reference",
						"value": "{{transaction-reference}}",
						"type": "text"
					}
				],
				"body": {
					"mode": "raw",
					"raw": "{\r\n \"status\": \"{{randomStatus}}\",\r\n  \"spbvi\": \"TFY\",\r\n  \"account\": {\r\n    \"accountType\": \"{{accountType}}\",\r\n            \"accountNumber\": \"{{accountNumber}}\",\r\n            \"signer\": \"{{signer}}\"\r\n  }\r\n}",
					"options": {
						"raw": {
							"language": "javascript"
						}
					}
				},
				"url": {
					"raw": "{{base-url}}/fd/entities/{{entidad}}/keys/{{id}}",
					"host": [
						"{{base-url}}"
					],
					"path": [
						"fd",
						"entities",
						"{{entidad}}",
						"keys",
						"{{id}}"
					]
				}
			},
			"response": []
		},
		{
			"name": "Actualizar Llave status- accountType al no enviarlo",
			"event": [
				{
					"listen": "prerequest",
					"script": {
						"exec": [
							"// Genera un valor aleatorio entre 0 y 1\r",
							"let randomValue = Math.random();\r",
							"\r",
							"// Determina el estado basado en el valor aleatorio\r",
							"let status = randomValue < 0.5 ? \"LOCK\" : \"ACTIVE\";\r",
							"\r",
							"// Guarda el estado en una variable de entorno o de colección\r",
							"pm.environment.set(\"randomStatus\", status);"
						],
						"type": "text/javascript",
						"packages": {}
					}
				},
				{
					"listen": "test",
					"script": {
						"exec": [
							"pm.test(\"Status code is 400\", function () {\r",
							"    pm.response.to.have.status(400);\r",
							"});\r",
							"// Verifica si la variable es igual a 1018\r",
							"const responseJson = pm.response.json();\r",
							"const code = responseJson.errors[0].code;\r",
							"const codenum = Number(code);\r",
							"pm.environment.set(\"codenum\", codenum);\r",
							"\r",
							"pm.test(\"La variable de entorno 'code' es 1018\", function () {\r",
							"  pm.expect(codenum).to.equal(1018); \r",
							"});"
						],
						"type": "text/javascript",
						"packages": {}
					}
				}
			],
			"request": {
				"auth": {
					"type": "bearer",
					"bearer": [
						{
							"key": "token",
							"value": "{{access_token}}",
							"type": "string"
						}
					]
				},
				"method": "PATCH",
				"header": [
					{
						"key": "message-uuid",
						"value": "{{message-uuid}}",
						"type": "text"
					},
					{
						"key": "request-app-id",
						"value": "{{request-app-id}}",
						"type": "text"
					},
					{
						"key": "customer-request-dt",
						"value": "{{customer-request-dt}}",
						"type": "text"
					},
					{
						"key": "entity-request-dt",
						"value": "{{entity-request-dt}}",
						"type": "text"
					},
					{
						"key": "transaction-reference",
						"value": "{{transaction-reference}}",
						"type": "text"
					}
				],
				"body": {
					"mode": "raw",
					"raw": "{\r\n \"status\": \"{{randomStatus}}\",\r\n  \"spbvi\": \"TFY\",\r\n  \"account\": {\r\n    \r\n            \"accountNumber\": \"{{accountNumber}}\",\r\n            \"signer\": \"{{signer}}\"\r\n  }\r\n}",
					"options": {
						"raw": {
							"language": "json"
						}
					}
				},
				"url": {
					"raw": "{{base-url}}/fd/entities/{{entidad}}/keys/{{id}}",
					"host": [
						"{{base-url}}"
					],
					"path": [
						"fd",
						"entities",
						"{{entidad}}",
						"keys",
						"{{id}}"
					]
				}
			},
			"response": []
		},
		{
			"name": "Actualizar Llave status- accountNumber al no enviarlo",
			"event": [
				{
					"listen": "prerequest",
					"script": {
						"exec": [
							"// Genera un valor aleatorio entre 0 y 1\r",
							"let randomValue = Math.random();\r",
							"\r",
							"// Determina el estado basado en el valor aleatorio\r",
							"let status = randomValue < 0.5 ? \"LOCK\" : \"ACTIVE\";\r",
							"\r",
							"// Guarda el estado en una variable de entorno o de colección\r",
							"pm.environment.set(\"randomStatus\", status);"
						],
						"type": "text/javascript",
						"packages": {}
					}
				},
				{
					"listen": "test",
					"script": {
						"exec": [
							"pm.test(\"Status code is 400\", function () {\r",
							"    pm.response.to.have.status(400);\r",
							"});\r",
							"// Verifica si la variable es igual a 1018\r",
							"const responseJson = pm.response.json();\r",
							"const code = responseJson.errors[0].code;\r",
							"const codenum = Number(code);\r",
							"pm.environment.set(\"codenum\", codenum);\r",
							"\r",
							"pm.test(\"La variable de entorno 'code' es 1018\", function () {\r",
							"  pm.expect(codenum).to.equal(1018); \r",
							"});"
						],
						"type": "text/javascript",
						"packages": {}
					}
				}
			],
			"request": {
				"auth": {
					"type": "bearer",
					"bearer": [
						{
							"key": "token",
							"value": "{{access_token}}",
							"type": "string"
						}
					]
				},
				"method": "PATCH",
				"header": [
					{
						"key": "message-uuid",
						"value": "{{message-uuid}}",
						"type": "text"
					},
					{
						"key": "request-app-id",
						"value": "{{request-app-id}}",
						"type": "text"
					},
					{
						"key": "customer-request-dt",
						"value": "{{customer-request-dt}}",
						"type": "text"
					},
					{
						"key": "entity-request-dt",
						"value": "{{entity-request-dt}}",
						"type": "text"
					},
					{
						"key": "transaction-reference",
						"value": "{{transaction-reference}}",
						"type": "text"
					}
				],
				"body": {
					"mode": "raw",
					"raw": "{\r\n \"status\": \"{{randomStatus}}\",\r\n  \"spbvi\": \"TFY\",\r\n  \"account\": {\r\n    \"accountType\": \"{{accountType}}\",\r\n         \r\n            \"signer\": \"{{signer}}\"\r\n  }\r\n}",
					"options": {
						"raw": {
							"language": "json"
						}
					}
				},
				"url": {
					"raw": "{{base-url}}/fd/entities/{{entidad}}/keys/{{id}}",
					"host": [
						"{{base-url}}"
					],
					"path": [
						"fd",
						"entities",
						"{{entidad}}",
						"keys",
						"{{id}}"
					]
				}
			},
			"response": []
		},
		{
			"name": "Actualizar Llave Validar campos de salida presentados en el status 404",
			"event": [
				{
					"listen": "test",
					"script": {
						"exec": [
							"pm.test(\"Status code is 404\", function () {\r",
							"    pm.response.to.have.status(404);\r",
							"});\r",
							""
						],
						"type": "text/javascript",
						"packages": {}
					}
				},
				{
					"listen": "prerequest",
					"script": {
						"exec": [
							"// Genera un valor aleatorio entre 0 y 1\r",
							"let randomValue = Math.random();\r",
							"\r",
							"// Determina el estado basado en el valor aleatorio\r",
							"let status = randomValue < 0.5 ? \"LOCK\" : \"ACTIVE\";\r",
							"\r",
							"// Guarda el estado en una variable de entorno o de colección\r",
							"pm.environment.set(\"randomStatus\", status);"
						],
						"type": "text/javascript",
						"packages": {}
					}
				}
			],
			"request": {
				"auth": {
					"type": "bearer",
					"bearer": [
						{
							"key": "token",
							"value": "{{access_token}}",
							"type": "string"
						}
					]
				},
				"method": "PATCH",
				"header": [
					{
						"key": "message-uuid",
						"value": "{{message-uuid}}",
						"type": "text"
					},
					{
						"key": "request-app-id",
						"value": "{{request-app-id}}",
						"type": "text"
					},
					{
						"key": "customer-request-dt",
						"value": "{{customer-request-dt}}",
						"type": "text"
					},
					{
						"key": "entity-request-dt",
						"value": "{{entity-request-dt}}",
						"type": "text"
					},
					{
						"key": "transaction-reference",
						"value": "{{transaction-reference}}",
						"type": "text"
					}
				],
				"body": {
					"mode": "raw",
					"raw": "{\r\n  \"status\": \"{{randomStatus}}\",\r\n   \"spbvi\": \"TFY\",\r\n  \"account\": {\r\n    \"accountType\": \"{{accountType}}\",\r\n            \"accountNumber\": \"{{accountNumber}}\",\r\n            \"signer\": \"{{signer}}\"\r\n  }\r\n}",
					"options": {
						"raw": {
							"language": "json"
						}
					}
				},
				"url": {
					"raw": "{{base-url}}/fd/entities//keys/{{id}}",
					"host": [
						"{{base-url}}"
					],
					"path": [
						"fd",
						"entities",
						"",
						"keys",
						"{{id}}"
					]
				}
			},
			"response": []
		},
		{
			"name": "Actualizar Llave Validar campos de salida presentados en el status 500",
			"event": [
				{
					"listen": "test",
					"script": {
						"exec": [
							"pm.test(\"Status code is 500\", function () {\r",
							"    pm.response.to.have.status(500);\r",
							"});\r",
							""
						],
						"type": "text/javascript",
						"packages": {}
					}
				},
				{
					"listen": "prerequest",
					"script": {
						"exec": [
							"// Genera un valor aleatorio entre 0 y 1\r",
							"let randomValue = Math.random();\r",
							"\r",
							"// Determina el estado basado en el valor aleatorio\r",
							"let status = randomValue < 0.5 ? \"LOCK\" : \"ACTIVE\";\r",
							"\r",
							"// Guarda el estado en una variable de entorno o de colección\r",
							"pm.environment.set(\"randomStatus\", status);"
						],
						"type": "text/javascript",
						"packages": {}
					}
				}
			],
			"request": {
				"auth": {
					"type": "bearer",
					"bearer": [
						{
							"key": "token",
							"value": "{{access_token}}",
							"type": "string"
						}
					]
				},
				"method": "PATCH",
				"header": [
					{
						"key": "message-uuid",
						"value": "{{message-uuid}}",
						"type": "text"
					},
					{
						"key": "request-app-id",
						"value": "{{request-app-id}}",
						"type": "text"
					},
					{
						"key": "customer-request-dt",
						"value": "{{customer-request-dt}}",
						"type": "text"
					},
					{
						"key": "entity-request-dt",
						"value": "{{entity-request-dt}}",
						"type": "text"
					},
					{
						"key": "transaction-reference",
						"value": "{{transaction-reference}}",
						"type": "text"
					}
				],
				"body": {
					"mode": "raw",
					"raw": "{\r\n  \"status\": \"{{randomStatus}}\",\r\n   \"spbvi\": \"TFY\",\r\n  \"account\": {\r\n    \"accountType\": \"{{accountType}}\",\r\n            \"accountNumber\": \"{{accountNumber}}\",\r\n            \"signer\": \"{{signer}}\",\r\n  }\r\n}",
					"options": {
						"raw": {
							"language": "json"
						}
					}
				},
				"url": {
					"raw": "{{base-url}}/fd/entities/{{entidad}}/keys/{{id}}",
					"host": [
						"{{base-url}}"
					],
					"path": [
						"fd",
						"entities",
						"{{entidad}}",
						"keys",
						"{{id}}"
					]
				}
			},
			"response": []
		}
	]
}